{"Phoenix, Arizona": [33.4484367, -112.074141], "Hoboken, United States": [40.7433066, -74.0323752], "New York, United States": [40.7127281, -74.0060152], "Boston, United States": [42.3554334, -71.060511], "Sebastopol, United States": [38.4021038, -122.824222], "Los Angeles, United States": [34.0536909, -118.242766], "Washington, United States": [38.8950368, -77.0365427], "Chicago, United States": [41.8755616, -87.6244212], "Ann Arbor, United States": [42.2813722, -83.7484616], "San Francisco, United States": [37.7792588, -122.4193286], "Woodbury, United States": [42.3775361, -96.0607187], "Louisville, United States": [38.2542376, -85.759407], "New York City, United States": [40.7127281, -74.0060152], "Elk Grove Village, United States": [42.0087978, -87.9414608], "Berkeley, United States": [37.8708393, -122.272863], "San Diego, United States": [32.7174202, -117.162772], "Seattle, United States": [47.6038321, -122.330062], "Bethesda, United States": [38.9812725, -77.1233587], "Carson, United States": [35.3636563, -101.3353895], "Carol Stream, United States": [41.9125286, -88.1347927], "Minneapolis, United States": [44.9772995, -93.2654692], "Somerville, United States": [42.3875968, -71.0994968], "Providence, United States": [41.8239891, -71.4128343], "Warrendale, United States": [40.6534001, -80.079503], "Portland, United States": [45.5202471, -122.674194], "Forest Hill, United States": [32.6720778, -97.2691812], "Fort Mill, United States": [35.0073697, -80.9450759], "Chapel Hill, United States": [35.9131542, -79.05578], "Boulder, United States": [40.0149856, -105.270545], "Cincinnati, United States": [39.1014537, -84.5124602], "Reston, United States": [38.953282, -77.3464516], "Upper Saddle River, United States": [41.0585352, -74.0984769], "Hershey, United States": [40.2850285, -76.6534662], "Pensacola, United States": [30.421309, -87.2169149], "Greensboro, United States": [36.0726355, -79.7919754], "Thousand Oaks, United States": [34.1705609, -118.8375937], "Kansas City, United States": [39.100105, -94.5781416], "La Jolla, United States": [32.8401623, -117.2740777], "Rochester, United States": [43.157285, -77.615214], "Naperville, United States": [41.7728699, -88.1479278], "Huntington Beach, United States": [33.6783336, -118.000016], "Steubenville, United States": [40.3600714, -80.6151034], "Austin, United States": [30.2711286, -97.7436995], "Marietta, United States": [33.9528472, -84.5496148], "Verona, United States": [43.8058478, -82.8810508], "Bothell, United States": [47.7623204, -122.2054035], "Clarksville, United States": [36.5277607, -87.3588703], "Albany, United States": [42.6511674, -73.754968], "Logan, United States": [40.1075089, -89.3768539], "Morton Grove, United States": [42.0405857, -87.7825696], "Tempe, United States": [33.4255117, -111.940016], "United States": [39.7837304, -100.445882], "Sheridan, United States": [39.3530598, -100.457645], "Nevada City, United States": [39.2625993, -121.0187304], "Watertown, United States": [42.3652518, -71.1843236], "Norman, United States": [35.2225717, -97.4394816], "St Paul, United States": [44.9497487, -93.0931028], "San Rafael, United States": [37.9747795, -122.5316686], "Uhrichsville, United States": [40.390819, -81.3451733], "Las Vegas, United States": [36.171697, -115.1463536], "Nashville, United States": [36.1622767, -86.7742984], "Pasadena, United States": [34.1476507, -118.144155], "Raleigh, United States": [35.7803977, -78.6390989], "Silver Spring, United States": [38.9997621, -77.0240371], "Tulsa, United States": [36.1563122, -95.9927516], "Cazadero, United States": [38.5334394, -123.08535], "Brooklyn, United States": [40.6526006, -73.9497211], "Salt Lake City, United States": [40.7596198, -111.886797], "Burnsville, United States": [44.7670567, -93.2773887], "Aurora, United States": [41.7571701, -88.3147539], "Virginia Beach, United States": [36.8496579, -75.9760751], "Olympia, United States": [47.0451022, -122.8950075], "Leesburg, United States": [39.1154506, -77.5645607], "Saginaw, United States": [43.4200387, -83.9490365], "North Olmsted, United States": [41.4156025, -81.9234726], "Westmont, United States": [33.9414035, -118.3022963], "Sag Harbor, United States": [40.9978727, -72.2922292], "Monterey, United States": [36.2231079, -121.387742], "Palm Desert, United States": [33.7288179, -116.382571], "Hampton, United States": [37.0264414, -76.3442846], "Amherst, United States": [42.3731948, -72.5198761], "Moses Lake, United States": [47.1301417, -119.278077], "Woodinville, United States": [47.7545827, -122.1588902], "Palm Coast, United States": [29.5541432, -81.2207673], "Shoshone, United States": [47.305486, -115.9583164], "Thorofare, United States": [39.8539265, -75.1982182], "Grand Rapids, United States": [42.9632425, -85.6678639], "Lanham, United States": [38.965365, -76.8417927], "Shelton, United States": [41.3164856, -73.0931641], "Arlington, United States": [32.7355816, -97.1071186], "Denver, United States": [39.7392364, -104.984862], "Ironton, United States": [46.4774631, -93.9777621], "Houston, United States": [29.7589382, -95.3676974], "Bolingbrook, United States": [41.7003302, -88.0717708], "San Antonio, United States": [29.4246002, -98.4951405], "North Salem, United States": [41.3348169, -73.5712374], "Wellesley, United States": [42.2964859, -71.2925571], "Waltham, United States": [42.3756401, -71.2358004], "Walnut, United States": [34.0203253, -117.8659441], "Grosse Pointe Park, United States": [42.3816896, -82.9313655], "Bloomington, United States": [39.1670396, -86.5342881], "Denton, United States": [33.1838787, -97.1413417], "Ventura, United States": [34.4458248, -119.0779359], "St Louis, United States": [38.6280278, -90.1910154], "Petersburg, United States": [37.227928, -77.4019268], "Lacey, United States": [47.0263876, -122.8072257], "Huntington, United States": [38.4192496, -82.445154], "Falls Church, United States": [38.882334, -77.1710914], "Newark, United States": [40.735657, -74.1723667], "Yonkers, United States": [40.9312099, -73.8987469], "Fairfax, United States": [38.8462236, -77.3063733], "Marblehead, United States": [42.500096, -70.8578253], "Alexandria, United States": [38.8051095, -77.0470229], "Wilmington, United States": [39.7459468, -75.546589], "Upper Montclair, United States": [40.8447225, -74.1999165], "Mendocino, United States": [39.3176491, -123.4126399], "McHenry, United States": [42.3294391, -88.4605713], "Colorado Springs, United States": [38.8339578, -104.825348], "Southbury, United States": [41.4814848, -73.2131693], "Knoxville, United States": [35.9603948, -83.9210261], "North Yarmouth, United States": [43.8289389, -70.2487493], "Chandler, United States": [33.3062031, -111.841185], "Torrance, United States": [33.8371392, -118.3413606], "Columbus, United States": [39.9622601, -83.0007065], "Lewisville, United States": [33.046233, -96.994174], "PEORIA, United States": [40.6938609, -89.5891008], "Boise, United States": [43.6166163, -116.200886], "Waynesville, United States": [35.4887476, -82.9888725], "Woburn, United States": [42.4792618, -71.1522766], "Hollister, United States": [36.8524545, -121.4016021], "Pikeville, United States": [37.4792672, -82.5187629], "Edina, United States": [44.8897027, -93.3501222], "Seminole, United States": [28.7225829, -81.2353683], "Upland, United States": [34.09751, -117.6483876], "Bethel, United States": [60.7922222, -161.755833], "Lakeland, United States": [28.0394654, -81.9498042], "Springfield, United States": [39.7990175, -89.6439575], "Hillsborough, United States": [27.9184543, -82.3488057], "Hudson, United States": [40.7381635, -74.0550731], "Niagara Falls, United States": [43.08436, -79.0614686], "Goldenrod, United States": [28.6118765, -81.2937918], "Linden, United States": [33.0123537, -94.3654707], "Selden, United States": [40.871241, -73.0454164], "Valley Park, United States": [38.5493603, -90.4912719], "Pittsburgh, United States": [40.4416941, -79.9900861],